{
  "bytes": 24092305,
  "datahub": {
    "created": "2017-11-09T01:27:30.771344",
    "findability": "published",
    "flowid": "core/geo-countries/7",
    "modified": "2018-03-15T06:24:48.468277",
    "owner": "core",
    "ownerid": "core"
  },
  "description": "geodata data package providing geojson polygons for all the world's countries",
  "hash": "6b1a94ce4afe069aeda59cd5e824d5be",
  "homepage": "http://github.com/datasets/geo-countries",
  "id": "core/geo-countries",
  "keywords": [
    "geodata",
    "vector",
    "country"
  ],
  "licenses": [
    {
      "type": "ODC-PDDL",
      "url": "http://opendatacommons.org/licenses/pddl/1.0/"
    }
  ],
  "name": "geo-countries",
  "repository": {
    "type": "git",
    "url": "git://github.com/datasets/geo-countries.git"
  },
  "resources": [
    {
      "bytes": 24090863,
      "datahub": {
        "type": "original"
      },
      "dpp:streamedFrom": "https://s3.amazonaws.com/rawstore.datahub.io/23f420f929e0e09c39d916b8aaa166fb.geojson",
      "encoding": "utf-8",
      "foreignKeys": [
        {
          "fields": "ISO3166-1-Alpha-3",
          "reference": {
            "datapackage": "https://github.com/datasets/country-codes/",
            "fields": "ISO3166-1-Alpha-3",
            "resource": "country-codes"
          }
        }
      ],
      "format": "geojson",
      "geojsonSchema": {
        "fields": [
          {
            "description": "Common name of the country",
            "name": "name",
            "type": "string"
          },
          {
            "description": "3 characters code for the country, according to ISO3166 standard",
            "name": "ISO3166-1-Alpha-3",
            "type": "string"
          }
        ]
      },
      "mediatype": "application/json",
      "name": "countries",
      "path": "archive/countries.geojson",
      "profile": "data-resource"
    },
    {
      "bytes": 2,
      "datahub": {
        "type": "derived/report"
      },
      "description": "Validation report for tabular data",
      "dpp:streamedFrom": "/tmp/tmpyvbp73mk/core/geo-countries/validation_report/data/d751713988987e9331980363e24189ce/validation_report.json",
      "encoding": "utf-8",
      "format": "json",
      "hash": "d751713988987e9331980363e24189ce",
      "name": "validation_report",
      "path": "data/validation_report.json",
      "profile": "data-resource"
    },
    {
      "bytes": 1440,
      "dpp:streamedFrom": "/tmp/tmpgo16v4ph/README.md",
      "format": "md",
      "name": "readme",
      "path": "README.md"
    }
  ],
  "sources": [
    {
      "name": "Natural Earth",
      "path": "http://www.naturalearthdata.com/downloads/10m-cultural-vectors/",
      "title": "Natural Earth"
    }
  ],
  "title": "Country Polygons as GeoJSON",
  "version": "0.2.0"
}